{"count":1,"self":3497.5952896,"total":3588.3806907999997,"children":{"InitializeActuators":{"count":8,"self":0.0019993,"total":0.0019993,"children":null},"InitializeSensors":{"count":8,"self":0.0060044,"total":0.0060044,"children":null},"AgentSendState":{"count":11566,"self":0.14855669999999999,"total":66.204272199999991,"children":{"GridSensor.Update":{"count":9256,"self":65.95376,"total":65.953757299999992,"children":null},"CollectObservations":{"count":9256,"self":0.0059765,"total":0.0059765,"children":null},"WriteActionMask":{"count":9256,"self":0.0059987999999999994,"total":0.0059987999999999994,"children":null},"RequestDecision":{"count":9256,"self":0.089982899999999991,"total":0.089982899999999991,"children":null}}},"DecideAction":{"count":11566,"self":13.1874144,"total":23.0241397,"children":{"GridSensor.Write":{"count":9256,"self":9.8367256,"total":9.8367256,"children":null}}},"AgentAct":{"count":11566,"self":1.5045674999999998,"total":1.5045674999999998,"children":null},"GridSensor.Update":{"count":8,"self":0.043599599999999995,"total":0.043599599999999995,"children":null}},"gauges":{},"metadata":{"timer_format_version":"0.1.0","start_time_seconds":"1657682819","unity_version":"2020.3.35f1","command_line_arguments":"D:\\GameDev\\Engines\\Unity\\2020.3.35f1\\Editor\\Unity.exe -projectpath D:\\Projects\\DRL_LC_V2 -useHub -hubIPC -cloudEnvironment production -licensingIpc LicenseClient-Alber -hubSessionId c40f15f0-015e-11ed-9409-d9633f01db45 -accessToken QNzLLPQyFKrb5w77eNwJ-eq3VMk_BEWJtXJYaWo4Xqk002f","communication_protocol_version":"1.5.0","com.unity.ml-agents_version":"2.2.1-exp.1","scene_name":"LandmarkComplex_Introduction_Screenshot","end_time_seconds":"1657686408"}}